{"rmae_of_average": 1.8508902645975989, "rmaes": [[1.8174182743340856, 1.792972675775371, 1.7666361078903585, 1.7375635590629301], [1.818049121700494, 1.793464941344153, 1.7669685084292066, 1.7410471945337387], [1.8163727103768568, 1.796993155141036, 1.7661607728033872, 1.7403500645377536], [1.8164800056922967, 1.7913180623753184, 1.7686321158693357, 1.7390061117095734]], "fails": [[0.0, 0.0, 0.0, 0.01], [0.0, 0.0, 0.0, 0.02], [0.0, 0.0, 0.0, 0.0], [0.0, 0.0, 0.0, 0.0]]}