{"rmae_of_average": 1.7761037259961525, "rmaes": [[1.756424553795511, 1.7223842064587305, 1.6835767477356784, 1.6826402718494637], [1.7574985329201793, 1.7382039625850887, 1.736752464971038, 1.6843213206894845], [1.7379026588740734, 1.7257909833347134, 1.7155027042066824, 1.6848441909272092], [1.7362964879014464, 1.7336282755813357, 1.6892314446821222, 1.656090897174501]], "fails": [[0.0, 0.0, 0.0, 0.0], [0.0, 0.0, 0.0, 0.0], [0.0, 0.0, 0.0, 0.0], [0.0, 0.0, 0.0, 0.0]]}