{"rmae_of_average": 1.8606493063622758, "rmaes": [[1.8301848292298764, 1.8034738655775966, 1.7802224409355887, 1.7538089198388276], [1.8289916329931142, 1.8059687690517299, 1.7787637245528531, 1.7562063677604123], [1.827440413513631, 1.8063436425790054, 1.78101126803679, 1.7558429330067733], [1.828269899516747, 1.8038450412061149, 1.7805883800309343, 1.7554187001746835]], "fails": [[0.0, 0.0, 0.0, 0.05], [0.0, 0.0, 0.0, 0.03], [0.0, 0.0, 0.0, 0.0], [0.0, 0.0, 0.0, 0.0]]}