{"rmae_of_average": 1.8421628241221504, "rmaes": [[1.815127363235547, 1.7961817706303185, 1.776468946937593, 1.7561901063178837], [1.8154132592220484, 1.797408303667272, 1.7755242474256576, 1.7577608446742352], [1.8155825626099509, 1.798454027325799, 1.7761178894619727, 1.7575291272898503], [1.8143228123354038, 1.7951248350196105, 1.775749455741937, 1.7567878115004474]], "fails": [[0.0, 0.0, 0.0, 0.02], [0.0, 0.0, 0.0, 0.01], [0.0, 0.0, 0.0, 0.05], [0.0, 0.0, 0.0, 0.01]]}