{"rmae_of_average": 1.8634568027615175, "rmaes": [[1.8384593263850406, 1.8219396358387538, 1.8024640590849423, 1.7857282443333244], [1.8387099565259089, 1.8216879281295915, 1.8033688266699754, 1.7888359914924552], [1.8375181370077422, 1.8229392122197143, 1.803111715036273, 1.7881147134465722], [1.8380192125355004, 1.8205424269088573, 1.802700168467401, 1.7873186054466104]], "fails": [[0.0, 0.0, 0.0, 0.05], [0.0, 0.0, 0.0, 0.11], [0.0, 0.0, 0.0, 0.01], [0.0, 0.0, 0.0, 0.0]]}