{"rmae_of_average": 1.8310123684424142, "rmaes": [[1.8106698601497044, 1.7968280574572424, 1.782866564938192, 1.7713231882031009], [1.8105274406007845, 1.797608567626027, 1.7845106340664905, 1.7733968859262614], [1.8110128186288525, 1.798043083536455, 1.7843822082978555, 1.772232037652025], [1.8097805259917814, 1.7975222673279136, 1.7833672977373431, 1.7721670433250063]], "fails": [[0.0, 0.0, 0.0, 0.02], [0.0, 0.0, 0.0, 0.01], [0.0, 0.0, 0.0, 0.07], [0.0, 0.0, 0.0, 0.01]]}