{"rmae_of_average": 1.8667080461340158, "rmaes": [[1.8484847310242714, 1.8366775696748388, 1.825432656820584, 1.81699392768694], [1.8488076373858564, 1.8373744825571126, 1.8255524805227787, 1.8184354967328522], [1.8499363714795, 1.837448632794999, 1.8254062539386058, 1.8178274761710451], [1.8490615194917552, 1.8370770198812523, 1.825345403105318, 1.8177493442793196]], "fails": [[0.0, 0.0, 0.0, 0.06], [0.0, 0.0, 0.0, 0.07], [0.0, 0.0, 0.0, 0.04], [0.0, 0.0, 0.0, 0.09]]}