{"rmae_of_average": 1.8411904762591746, "rmaes": [[1.8303379179929027, 1.822150288914014, 1.8158756735653288, 1.816166567677593], [1.8299476647660151, 1.8229055974506538, 1.8156226587813418, 1.8171911846090174], [1.8302783634309685, 1.822468609171809, 1.8166746174883779, 1.8168063480948635], [1.8300839977452625, 1.8225116592546626, 1.8161243277905503, 1.8165126086907026]], "fails": [[0.0, 0.0, 0.0, 0.22], [0.0, 0.0, 0.0, 0.22], [0.0, 0.0, 0.0, 0.14], [0.0, 0.0, 0.0, 0.25]]}